{"j5-a":{"s":1,"x":0,"y":35.72746679316888},"j5-b":{"s":1,"x":0,"y":-60.93422651985527}}